turn,amplitude
0,-0.013678901828826
1,-0.002301217988133
2,0.002791460603476
3,0.003251727670431
4,0.001003617420793
5,0.009492359124124
6,0.002194175496697
7,-0.00966773275286
8,9.26E-04
9,-2.10E-04
10,-3.69E-04
11,-0.007991888560355
12,0.006285241805017
13,-0.002665065228939
14,-0.00181876309216
15,0.008109550923109
16,-0.002992090769112
17,-0.002674387767911
18,0.011253057047725
19,0.0107477074489
20,-0.019113946706057
21,-0.00797819904983
22,-0.004947635345161
23,0.006818914785981
24,0.007277175784111
25,0.0100077399984
26,-0.010902310721576
27,0.002589179202914
28,-0.005419468507171
29,0.004690239205956
30,-0.011787439696491
31,0.015305059961975
32,0.001628872938454
33,0.004734141752124
34,-0.014762063510716
35,-0.001816638745368
36,-0.00372202694416
37,-0.014243023470044
38,0.361851215362549
39,0.281049817800522
40,-0.695838570594788
41,0.792787849903107
42,0.6058709025383
43,-0.684500575065613
44,0.433763474225998
45,0.654650807380676
46,-0.809227526187897
47,-0.625706851482391
48,-0.461535155773163
49,0.733607530593872
50,-0.80830329656601
51,-0.494610548019409
52,0.778591454029083
53,0.618776798248291
54,-0.696284592151642
55,-0.551595509052277
56,0.855439603328705
57,0.649708867073059
58,-0.742729425430298
59,-0.010749243199825
60,0.670025169849396
61,-0.643178939819336
62,-0.63696676492691
63,-0.459386885166168
64,0.796571493148804
65,0.250848025083542
66,-0.640738368034363
67,0.797770500183106
68,0.58539891242981
69,-0.742486894130707
70,-0.616534113883972
71,0.605218648910522
72,0.699440002441406
73,-0.855487525463104
74,-0.556103050708771
75,0.743390321731567
76,0.4917351603508
77,-0.691815376281738
78,-0.443860679864883
79,0.817669987678528
80,0.604050159454346
81,-0.753041982650757
82,-0.562392175197601
83,0.674941658973694
84,-0.359997421503067
85,-0.637156784534454
86,-0.055717453360558
87,0.742778182029724
88,0.494219779968262
89,-0.72843849658966
90,0.18823330104351
91,0.631978929042816
92,-0.735118508338928
93,-0.619811654090881
94,0.256734490394592
95,0.700112104415894
96,-0.136765643954277
97,-0.663115978240967
98,0.688396096229553
99,0.616338431835175
100,-0.783360481262207
101,-0.432020604610443
102,0.435251772403717
103,0.632800996303558
104,-0.5297731757164
105,-0.636970102787018
106,0.751575767993927
107,0.358994036912918
108,-0.731675088405609
109,-0.069198675453663
110,0.454376935958862
111,0.256805539131165
112,-0.555367946624756
113,-0.223458841443062
114,0.667659282684326
115,-0.042320139706135
116,-0.506825089454651
117,0.201002404093742
118,0.264748096466064
119,-0.061857651919127
120,-0.305661231279373
121,0.097124136984348
122,0.303080201148987
123,-0.224162578582764
124,-0.148962840437889
125,0.246196493506432
126,-0.017818707972765
127,-0.087281621992588
128,-0.00605982914567
129,0.016285311430693
130,0.055861670523882
131,-0.100837908685207
132,0.106012366712093
133,0.004503063857555
134,-0.158699959516525
135,0.195193707942963
136,-0.038081787526608
137,-0.168835163116455
138,0.097614146769047
139,0.13492114841938
140,-0.031306777149439
141,-0.273362994194031
142,0.191901624202728
143,0.266275107860565
144,-0.415880680084229
145,-0.043085247278214
146,0.369571447372436
147,-0.020564025267959
148,-0.369775623083115
149,0.007820408791304
150,0.584362149238586
151,-0.364191144704819
152,-0.417318731546402
153,0.54360044002533
154,0.18472558259964
155,-0.476579159498215
156,-0.261521965265274
157,0.732349693775177
158,-0.035498984158039
159,-0.666791975498199
160,0.458628863096237
161,0.555972158908844
162,-0.490462720394134
163,-0.578188300132751
164,0.735460877418518
165,0.549463868141174
166,-0.704058825969696
167,-0.010269857011736
168,0.668995320796967
169,-0.412969797849655
170,-0.624368071556091
171,0.406091272830963
172,0.65861713886261
173,-0.774825990200043
174,-0.580162048339844
175,0.738376021385193
176,0.024440888315439
177,-0.645760476589203
178,-0.004858650267124
179,0.729201912879944
180,-0.274344772100449
181,-0.627616882324219
182,0.828573107719421
183,0.614636301994324
184,-0.700609683990479
185,-0.372159570455551
186,0.739655792713165
187,0.563280999660492
188,-0.752151310443878
189,-0.200979858636856
190,0.656053125858307
191,-0.802367150783539
192,-0.59545624256134
193,0.784428298473358
194,0.592817008495331
195,-0.837297677993774
196,-0.616544961929321
197,0.747093558311462
198,0.339941322803497
199,-0.661244094371796
200,0.52270632982254
201,0.644509255886078
202,-0.274480372667313
203,-0.685101985931397
204,0.522846043109894
205,0.64891505241394
206,-0.719602406024933
207,-0.568837821483612
208,0.712181270122528
209,0.516440272331238
210,-0.734284222126007
211,-0.57975959777832
212,0.808910727500916
213,0.073018774390221
214,-0.635691225528717
215,0.825920701026917
216,0.61065024137497
217,-0.718283474445343
218,-0.648690462112427
219,0.64826762676239
220,0.685208678245544
221,-0.694840669631958
222,-0.595889449119568
223,0.723385453224182
224,0.315051168203354
225,-0.690834283828735
226,-0.529486656188965
227,0.817861557006836
228,0.628685295581818
229,-0.621596813201904
230,0.787491321563721
231,0.622360527515411
232,-0.756071746349335
233,-0.637639582157135
234,0.163804560899735
235,0.705607712268829
236,-0.793535113334656
237,-0.561743199825287
238,0.743076622486115
239,0.569260179996491
240,-0.702345371246338
241,-0.560053646564484
242,0.876549243927002
243,0.636299848556519
244,-0.72022271156311
245,-0.468053847551346
246,0.688176453113556
247,-0.344431757926941
248,-0.624076724052429
249,-0.229018986225128
250,0.784462928771973
251,0.472844272851944
252,-0.660987973213196
253,0.60915470123291
254,0.624614536762237
255,-0.788177609443665
256,-0.597334504127502
257,0.248032614588737
258,0.713016450405121
259,-0.555205404758453
260,-0.623473525047302
261,0.793482005596161
262,0.575526177883148
263,-0.697710692882538
264,-0.339004635810852
265,0.525050342082977
266,0.621066689491272
267,-0.80953174829483
268,-0.59152215719223
269,0.703208863735199
270,-0.019857337698341
271,-0.661074876785278
272,0.053679060190916
273,0.667371094226837
274,0.426139682531357
275,-0.743631660938263
276,0.035143751651049
277,0.630704343318939
278,-0.570185780525208
279,-0.552624046802521
280,0.29367470741272
281,0.539297163486481
282,-0.116562873125076
283,-0.677792847156525
284,0.544679224491119
285,0.543803870677948
286,-0.698974192142487
287,-0.065929479897022
288,0.245080292224884
289,0.32333904504776
290,-0.275337427854538
291,-0.43279442191124
292,0.521805107593536
293,0.136230915784836
294,-0.425960063934326
295,0.119251303374767
296,0.025916457176209
297,0.241069480776787
298,-0.189543172717094
299,-0.284709393978119
300,0.389406830072403
301,0.009791178628802
302,-0.15059407055378
303,-0.053763795644045
304,-0.030753275379539
305,0.422615319490433
306,-0.345078498125076
307,-0.274729758501053
308,0.481467425823212
309,0.021250531077385
310,-0.219788268208504
311,-0.241702288389206
312,0.368624240159988
313,0.344696253538132
314,-0.72610741853714
315,0.083947636187077
316,0.59480607509613
317,-0.221421629190445
318,-0.40234386920929
319,-0.005985006690025
320,0.670874893665314
321,-0.421742469072342
322,-0.622995316982269
323,0.722685992717743
324,0.280478715896606
325,-0.582715094089508
326,-0.333381712436676
327,0.708658218383789
328,0.364825129508972
329,-0.705256104469299
330,0.168278127908707
331,0.64628279209137
332,-0.471256703138351
333,-0.577271461486816
334,0.315123617649078
335,0.658059775829315
336,-0.748193502426147
337,-0.574038028717041
338,0.724192678928375
339,0.065635025501251
340,-0.661745309829712
341,-0.097523629665375
342,0.742883920669556
343,0.03414461761713
344,-0.655548572540283
345,0.683670103549957
346,0.626343607902527
347,-0.747274875640869
348,-0.410236388444901
349,0.649333238601685
350,0.630857050418854
351,-0.75892573595047
352,-0.414399325847626
353,0.701579868793487
354,-0.486884325742722
355,-0.619014382362366
356,0.279349058866501
357,0.685784101486206
358,-0.348819077014923
359,-0.650950610637665
360,0.79058974981308
361,0.577040612697601
362,-0.710138380527496
363,-0.081887885928154
364,0.711880683898926
365,0.505677342414856
366,-0.777011036872864
367,-0.389886319637299
368,0.655301332473755
369,-0.743496775627136
370,-0.629204094409943
371,0.640718400478363
372,0.591683089733124
373,-0.463601171970367
374,-0.702075362205505
375,0.764362215995789
376,0.572565257549286
377,-0.740427255630493
378,0.083950944244862
379,0.63269704580307
380,0.273382008075714
381,-0.794166266918182
382,-0.501670360565185
383,0.675952792167664
384,-0.580133020877838
385,-0.625033020973206
386,0.766599595546722
387,0.582005560398102
388,-0.445406824350357
389,-0.679356336593628
390,0.734709322452545
391,0.616669118404388
392,-0.739007294178009
393,-0.240699380636215
394,0.680929243564606
395,0.115289703011513
396,-0.752889394760132
397,-0.548600673675537
398,0.751434743404388
399,0.132977053523064
400,-0.639887452125549
401,0.705047488212585
402,0.633091449737549
403,-0.420924603939056
404,-0.648940205574035
405,0.27898782491684
406,0.682039558887482
407,-0.76179450750351
408,-0.580127596855164
409,0.735683679580689
410,0.266900032758713
411,-0.657828688621521
412,-0.510868847370148
413,0.816910922527313
414,0.586902797222137
415,-0.687863945960999
416,0.061165124177933
417,0.663053035736084
418,-0.280558377504349
419,-0.615989923477173
420,-0.021226100623608
421,0.721659004688263
422,-0.125566408038139
423,-0.640772342681885
424,0.691010773181915
425,0.528815686702728
426,-0.554464995861053
427,-0.400892376899719
428,0.326427429914474
429,0.635574996471405
430,-0.664761483669281
431,-0.515146374702454
432,0.718784093856812
433,0.008425837382674
434,-0.5457683801651
435,-0.065552182495594
436,0.427571356296539
437,0.245858609676361
438,-0.726694285869598
439,0.084790401160717
440,0.616241991519928
441,-0.312137305736542
442,-0.310231804847717
443,0.128262743353844
444,0.33291694521904
445,-0.061244081705809
446,-0.512195944786072
447,0.3659348487854
448,0.242950320243835
449,-0.371254831552505
450,-0.033735804259777
451,0.114509016275406
452,0.18203267455101
453,-0.143609583377838
454,-0.23677895963192
455,0.330695509910583
456,0.002581980079412
457,-0.171053305268288
458,0.049602746963501
459,-0.055035315454006
460,0.209151849150658
461,-0.123886898159981
462,-0.183464929461479
463,0.234872981905937
464,-0.015712101012468
465,-0.007376074790955
466,-0.127570450305939
467,-0.001708417199552
468,0.342000961303711
469,-0.295868754386902
470,-0.1583591401577
471,0.289234548807144
472,0.013331811875105
473,-0.078823447227478
474,-0.252975046634674
475,0.3224937915802
476,0.214332684874535
477,-0.57025545835495
478,0.146440222859383
479,0.309529364109039
480,-0.070129357278347
481,-0.277119129896164
482,-0.07113628089428
483,0.60714453458786
484,-0.327756762504578
485,-0.436119228601456
486,0.479664623737335
487,0.138909667730331
488,-0.26175045967102
489,-0.314900934696197
490,0.441767990589142
491,0.328672468662262
492,-0.725629925727844
493,0.114718146622181
494,0.526680529117584
495,-0.200608462095261
496,-0.370171219110489
497,7.17E-04
498,0.678411960601807
499,-0.385255694389343
500,-0.561390340328217
501,0.655577480792999
502,0.135157540440559
503,-0.429353058338165
504,-0.250203311443329
505,0.476308912038803
506,0.330569952726364
507,-0.720213532447815
508,0.166601568460465
509,0.624378025531769
510,-0.365965068340302
511,-0.350488185882568
512,0.06689415127039
513,0.670924127101898
514,-0.462717801332474
515,-0.590277850627899
516,0.732502996921539
517,0.077754214406014
518,-0.510576725006104
519,-0.126299768686295
520,0.473662614822388
521,0.336988061666489
522,-0.727862775325775
523,0.161062195897102
524,0.635517776012421
525,-0.488026589155197
526,-0.311536252498627
527,0.14119553565979
528,0.668014168739319
529,-0.420928627252579
530,-0.626771152019501
531,0.750346004962921
532,0.13652890920639
533,-0.610793888568878
534,-0.01884132809937
535,0.419017106294632
536,0.362149566411972
537,-0.74357408285141
538,0.029153078794479
539,0.653821885585785
540,-0.509582579135895
541,-0.360209971666336
542,0.241096034646034
543,0.528820753097534
544,-0.230340421199799
545,-0.641169846057892
546,0.731209278106689
547,0.399656981229782
548,-0.706620275974274
549,0.027728728950024
550,0.392595410346985
551,0.323042690753937
552,-0.687520742416382
553,-0.220834016799927
554,0.697425663471222
555,-0.285469800233841
556,-0.544353485107422
557,0.321593433618546
558,0.389648407697678
559,-0.067393012344837
560,-0.671033024787903
561,0.415360331535339
562,0.580695450305939
563,-0.68682986497879
564,-0.144768744707108
565,0.436737269163132
566,0.217419296503067
567,-0.386494994163513
568,-0.346836149692535
569,0.716479420661926
570,-0.00258080009371
571,-0.641026318073273
572,0.235473215579987
573,0.372847467660904
574,-0.051068872213364
575,-0.472330778837204
576,0.101501747965813
577,0.587792098522186
578,-0.431253254413605
579,-0.31859615445137
580,0.402144193649292
581,0.188997581601143
582,-0.252877682447433
583,-0.316904038190842
584,0.403127610683441
585,0.212399214506149
586,-0.517070531845093
587,0.027917085215449
588,0.36119681596756
589,-0.040730096399784
590,-0.282866328954697
591,-0.030432857573032
592,0.400423854589462
593,-0.113988913595676
594,-0.368752986192703
595,0.255170047283173
596,0.174436375498772
597,-0.174248844385147
598,-0.154840797185898
599,0.138101369142532
600,0.228030353784561
601,-0.266800045967102
602,-0.128331080079079
603,0.278548449277878
604,-0.010168362408877
605,-0.156225740909576
606,-0.011054553091526
607,0.148341238498688
608,0.056718003004789
609,-0.245241969823837
610,0.057968866080046
611,0.16216778755188
612,-0.09452398866415
613,-0.036842491477728
614,0.001644923351705
615,0.074395447969437
616,0.024725073948503
617,-0.168246850371361
618,0.106826215982437
619,0.035248786211014
620,-0.053800735622645
621,0.028086677193642
622,-0.088434413075447
623,0.12143249809742
624,-0.006778672337532
625,-0.112581208348274
626,0.093129143118858
627,-0.018423900008202
628,0.049608882516623
629,-0.080806612968445
630,-0.063144981861115
631,0.208725690841675
632,-0.123163215816021
633,-0.078917860984802
634,0.087983593344689
635,0.041442919522524
636,0.035238519310951
637,-0.205330088734627
638,0.123338475823402
639,0.159534931182861
640,-0.241933241486549
641,0.010966865345836
642,0.0680251121521
643,0.094909429550171
644,-0.099918313324452
645,-0.162683993577957
646,0.318293571472168
647,-0.057537041604519
648,-0.248436465859413
649,0.135845705866814
650,0.09162737429142
651,0.028028730303049
652,-0.253073483705521
653,0.098147228360176
654,0.298238545656204
655,-0.3000248670578
656,-0.079945206642151
657,0.177204713225365
658,0.058535940945149
659,-0.111055128276348
660,-0.210255771875381
661,0.366895645856857
662,0.029284905642271
663,-0.369984745979309
664,0.150551468133926
665,0.147435575723648
666,0.015647899359465
667,-0.263875246047974
668,0.03540562838316
669,0.387564212083817
670,-0.320343405008316
671,-0.1502366065979
672,0.272896707057953
673,0.054610569030047
674,-0.120538637042046
675,-0.253692120313644
676,0.363937050104141
677,0.113298162817955
678,-0.472839444875717
679,0.186091527342796
680,0.203010350465775
681,-0.052983820438385
682,-0.222135975956917
683,-0.015230119228363
684,0.465089023113251
685,-0.331861644983292
686,-0.241867274045944
687,0.335060149431229
688,0.048971470445395
689,-0.120723448693752
690,-0.235065117478371
691,0.302164971828461
692,0.196163460612297
693,-0.507603168487549
694,0.129217386245728
695,0.276621341705322
696,-0.076179273426533
697,-0.199065983295441
698,-0.075193710625172
699,0.435755014419556
700,-0.18967193365097
701,-0.345106601715088
702,0.340539932250977
703,0.09883102029562
704,-0.167771711945534
705,-0.19784414768219
706,0.203080326318741
707,0.286664724349976
708,-0.441824406385422
709,-0.025654224678874
710,0.340382248163223
711,-0.05938283354044
712,-0.198283404111862
713,-0.063845418393612
714,0.321701645851135
715,-0.030800953507423
716,-0.39538910984993
717,0.254539966583252
718,0.176703259348869
719,-0.166870892047882
720,-0.1467115432024
721,0.116118654608727
722,0.263848811388016
723,-0.291169553995132
724,-0.164227887988091
725,0.341462582349777
726,-0.009519267827272
727,-0.207892715930939
728,-0.030645407736302
729,0.225462645292282
730,0.058895420283079
731,-0.33817732334137
732,0.103646829724312
733,0.249348267912865
734,-0.14767125248909
735,-0.139449596405029
736,0.083295121788979
737,0.184891283512116
738,-0.14363719522953
739,-0.199010506272316
740,0.241129547357559
741,0.091385550796986
742,-0.210345596075058
743,-0.030144307762385
744,0.163309842348099
745,0.064706116914749
746,-0.223639994859695
747,0.015780787914991
748,0.20425920188427
749,-0.08708418160677
750,-0.137217536568642
751,0.057548370212317
752,0.157252132892609
753,-0.084063179790974
754,-0.133471667766571
755,0.111891746520996
756,0.103780306875706
757,-0.150047421455383
758,-0.054409466683865
759,0.139243304729462
760,0.010204710066319
761,-0.091479614377022
762,-0.020008753985167
763,0.12933586537838
764,-0.016123156994581
765,-0.150010123848915
766,0.0684974193573
767,0.081064239144325
768,-0.040140129625797
769,-0.062460131943226
770,0.035282537341118
771,0.076703384518623
772,-0.077427186071873
773,-0.055668711662293
774,0.104667089879513
775,-0.01962236687541
776,-0.027279321104288
777,-0.018353797495365
778,0.028291318565607
779,0.037654213607311
780,-0.077987059950829
781,0.035171128809452
782,0.02501480653882
783,-0.027295017614961
784,0.031201977282763
785,-0.053499910980463
786,0.026565197855234
787,0.014534171670675
788,-0.044753417372704
789,0.054948568344116
790,-0.053769342601299
791,0.043826155364513
792,0.028417479246855
793,-0.079690873622894
794,0.058413438498974
795,-0.020686291158199
796,0.002326944842935
797,-0.010928275063634
798,-0.018578268587589
799,0.089702159166336
800,-0.072264522314072
801,-0.044075883924961
802,0.082687214016914
803,-0.021706312894821
804,-0.023744232952595
805,-0.032737500965595
806,0.083166010677815
807,0.052210927009583
808,-0.172734335064888
809,0.066186048090458
810,0.072223573923111
811,-0.044443272054196
812,-0.042335130274296
813,2.02E-04
814,0.12899586558342
815,-0.084532178938389
816,-0.123983554542065
817,0.146854221820831
818,0.011415921151638
819,-0.074983879923821
820,-0.02153979241848
821,0.072458311915398
822,0.080550394952297
823,-0.196173965930939
824,0.049457583576441
825,0.152043670415878
826,-0.105663157999516
827,-0.057982202619314
828,0.021475588902831
829,0.128293782472611
830,-0.075186274945736
831,-0.147537186741829
832,0.189720079302788
833,0.034869361668825
834,-0.145781338214874
835,-0.022364258766174
836,0.103350020945072
837,0.098163284361363
838,-0.20858371257782
839,-0.011630240827799
840,0.214132055640221
841,-0.102408833801746
842,-0.088447749614716
843,0.041411645710468
844,0.131228283047676
845,-0.045689769089222
846,-0.216878548264503
847,0.178572759032249
848,0.104841284453869
849,-0.160585284233093
850,-0.033819008618593
851,0.106170155107975
852,0.102351121604443
853,-0.203277066349983
854,-0.075936280190945
855,0.250435680150986
856,-0.055129256099463
857,-0.14399927854538
858,0.049824852496386
859,0.128233000636101
860,0.004080089740455
861,-0.22910064458847
862,0.13767720758915
863,0.136091291904449
864,-0.161653116345406
865,-0.072654575109482
866,0.110275030136108
867,0.096652895212174
868,-0.14961901307106
869,-0.097327247262001
870,0.213615968823433
871,0.011226621456444
872,-0.175766438245773
873,0.036734387278557
874,0.136152774095535
875,-0.002247401513159
876,-0.184583976864815
877,0.064542308449745
878,0.148521095514298
879,-0.129292443394661
880,-0.089184537529945
881,0.108705997467041
882,0.10552141815424
883,-0.125121116638184
884,-0.085741735994816
885,0.167253032326698
886,0.030893951654434
887,-0.177057653665543
888,-0.007087404839695
889,0.166404485702515
890,4.76E-04
891,-0.149579480290413
892,0.024825505912304
893,0.135032802820206
894,-0.071715511381626
895,-0.123898580670357
896,0.114802643656731
897,0.100416228175163
898,-0.111762404441834
899,-0.094894796609879
900,0.13032603263855
901,0.052917376160622
902,-0.122441783547401
903,-0.037148274481297
904,0.136706635355949
905,-0.001470258459449
906,-0.119068965315819
907,0.028973575681448
908,0.098968394100666
909,-0.032631047070026
910,-0.110556028783321
911,0.066316932439804
912,0.091230124235153
913,-0.101081490516663
914,-0.02888647839427
915,0.064418151974678
916,0.040257319808006
917,-0.081770218908787
918,-0.029097139835358
919,0.09629200398922
920,-0.007500465027988
921,-0.062546163797379
922,0.015073628164828
923,0.053170524537563
924,-0.023550804704428
925,-0.057366624474526
926,0.028775189071894
927,0.060313869267702
928,-0.065691441297531
929,-0.01534341648221
930,0.044914275407791
931,0.020708477124572
932,-0.030279081314802
933,-0.018367253243923
934,0.0291768014431
935,0.007786774076521
936,-0.052993968129158
937,0.02448844909668
938,0.002549170516431
939,0.010816275142133
940,0.00189311336726
941,-0.002667897380888
942,0.010526661761105
943,-0.031034275889397
944,0.014508679509163
945,0.026765119284391
946,-0.036035489290953
947,0.010387047193945
948,2.91E-04
949,-0.004825606010854
950,-0.009559511207044
951,0.00756997615099
952,0.026536637917161
953,-0.027612246572971
954,-0.006154715083539
955,0.049597669392824
956,-0.024242267012596
957,-0.029241356998682
958,0.013087280094624
959,0.024862799793482
960,-0.010122098959982
961,-0.042204603552818
962,0.043109674006701
963,0.020846676081419
964,-0.069314330816269
965,0.009368204511702
966,0.045300427824259
967,0.020171852782369
968,-0.055414266884327
969,-0.010293932631612
970,0.072377465665341
971,-0.025206938385964
972,-0.06830009073019
973,0.038493078202009
974,0.046353496611118
975,-0.020194750279188
976,-0.070220470428467
977,0.061477046459913
978,0.050102785229683
979,-0.066661655902863
980,-0.035450123250485
981,0.066146984696388
982,0.008165962994099
983,-0.059685543179512
984,-0.009198732674122
985,0.084901452064514
986,-0.015452818013728
987,-0.079117670655251
988,0.044363491237164
989,0.055940270423889
990,-0.045116439461708
991,-0.056456122547388
992,0.045496691018343
993,0.079427815973759
994,-0.100402891635895
995,-0.020257534459233
996,0.088064312934876
997,-0.003395118750632
998,-0.074858665466309
999,-0.017658796161413
1000,0.106696985661984
1001,0.001504836603999
1002,-0.122729621827602
1003,0.064314179122448
1004,0.074419401586056
1005,-0.057734366506338
1006,-0.080355547368527
1007,0.061227791011334
1008,0.080800354480744
1009,-0.092609748244286
1010,-0.055133502930403
1011,0.111589625477791
1012,0.028546705842018
1013,-0.09897843003273
1014,-0.015264462679625
1015,0.096349239349365
1016,0.015893965959549
1017,-0.111916415393353
1018,0.017310760915279
1019,0.082940123975277
1020,-0.025712996721268
1021,-0.099288575351238
1022,0.060901239514351
1023,0.069808825850487
1024,-0.060728818178177
1025,-0.053152941167355
1026,0.085777379572392
1027,0.029742339625955
1028,-0.09038583189249
1029,-0.02973584830761
1030,0.106214888393879
1031,0.016861353069544
1032,-0.107301115989685
1033,-0.007464116439223
1034,0.091002471745014
1035,-0.003765692934394
1036,-0.097738184034824
1037,0.040192525833845
1038,0.081924587488175
1039,-0.059372682124376
1040,-0.045869391411543
1041,0.04734767228365
1042,0.066453710198402
1043,-0.084214121103287
1044,-0.045987762510777
1045,0.103826455771923
1046,0.012474299408496
1047,-0.083700865507126
1048,-0.02165344171226
1049,0.086446531116963
1050,-0.01150325499475
1051,-0.079761922359467
1052,0.017421461641789
1053,0.094211354851723
1054,-0.050654515624046
1055,-0.043403185904026
1056,0.046385005116463
1057,0.05743720009923
1058,-0.068703003227711
1059,-0.038567312061787
1060,0.065058395266533
1061,0.013987397775054
1062,-0.069219447672367
1063,-9.84E-04
1064,0.064085222780705
1065,0.003316046670079
1066,-0.081487454473972
1067,0.040266051888466
1068,0.032906379550696
1069,-0.021603167057037
1070,-0.027313191443682
1071,0.017503011971712
1072,0.058512572199106
1073,-0.040058340877295
1074,-0.059602342545986
1075,0.048439685255289
1076,0.022868074476719
1077,-0.029844306409359
1078,-5.18E-04
1079,0.023611817508936
1080,0.015216664411128
1081,-0.068741239607334
1082,0.008424893021584
1083,0.042197518050671
1084,-0.009923004545271
1085,-0.001814750954509
1086,-0.003622066229582
1087,0.029029633849859
1088,-0.023836523294449
1089,-0.028356701135635
1090,0.029059138149023
1091,-0.002315616235137
1092,0.00873763859272
1093,-0.022272324189544
1094,0.02045108191669
1095,-0.00533248949796
1096,-0.010933467186987
1097,-0.005635439418256
1098,0.01501898560673
1099,-0.002576080150902
1100,0.003814078867435
1101,-0.010663798078895
1102,0.019258871674538
1103,-0.017082635313273
1104,0.017602382227779
1105,-0.005922929383814
1106,-0.008313131518662
1107,0.003976707346737
1108,-0.015174179337919
1109,0.003181271255016
1110,-0.009854435920715
1111,0.033292531967163
1112,0.004440750926733
1113,-0.021415047347546
1114,0.013434015214443
1115,-0.001667819917202
1116,-0.005577965639532
1117,-0.022741913795471
1118,-6.93E-04
1119,0.036570105701685
1120,-0.006263527087867
1121,-0.024480897933245
1122,0.011472214944661
1123,0.012656517326832
1124,4.05E-04
1125,-0.029667871072888
1126,0.023281842470169
1127,0.018384600058198
1128,-0.03393018245697
1129,0.00332985445857
1130,0.006504753604531
1131,0.009089802391827
1132,-0.016231968998909
1133,-0.006557743996382
1134,0.053590312600136
1135,-0.039665699005127
1136,-0.023148365318775
1137,0.020997973158956
1138,0.025522399693728
1139,-0.023607334122062
1140,-0.04295177012682
1141,0.051280949264765
1142,0.040578089654446
1143,-0.050893027335405
1144,-0.010562775656581
1145,0.021210050210357
1146,2.13E-04
1147,-0.039628878235817
1148,0.010470839217305
1149,0.059185035526753
1150,-0.012099241837859
1151,-0.066691398620606
1152,0.043998226523399
1153,0.023956075310707
1154,-0.026612643152475
1155,-0.040121715515852
1156,0.053982246667147
1157,0.024170510470867
1158,-0.046174582093954
1159,-0.021159540861845
1160,0.065343759953976
1161,-0.011103058233857
1162,-0.05373015999794
1163,0.001081272959709
1164,0.054136849939823
1165,-0.006339176557958
1166,-0.061631768941879
1167,0.036626283079386
1168,0.045409947633743
1169,-0.043746612966061
1170,-0.028274089097977
1171,0.033572234213352
1172,0.034819204360247
1173,-0.035350397229195
1174,-0.037969909608364
1175,0.065464377403259
1176,0.0173095818609
1177,-0.075593434274197
1178,0.010760453529656
1179,0.046009592711926
1180,-0.008404359221458
1181,-0.047793071717024
1182,5.20E-04
1183,0.067300014197826
1184,-0.039053071290255
1185,-0.038413181900978
1186,0.047843344509602
1187,0.023412723094225
1188,-0.02558258920908
1189,-0.057003252208233
1190,0.068366773426533
1191,0.020616659894586
1192,-0.051110062748194
1193,-0.006654636003077
1194,0.043458297848702
1195,8.14E-04
1196,-0.060977481305599
1197,0.012828586623073
1198,0.05375187471509
1199,-0.027616497129202
1200,-0.034571956843138
1201,0.029364448040724
1202,0.034401424229145
1203,-0.015312613919377
1204,-0.052764661610127
1205,0.046918444335461
1206,0.005055855959654
1207,-0.053681656718254
1208,0.015771817415953
1209,0.042947165668011
1210,0.024938685819507
1211,-0.060191601514816
1212,-0.01503798738122
1213,0.066510006785393
1214,-0.033331714570522
1215,-0.043168801814318
1216,0.026995372027159
1217,0.037753347307444
1218,-0.022305486723781
1219,-0.029427353292704
1220,0.044257156550884
1221,0.018742546439171
1222,-0.044648502022028
1223,-0.011240784078837
1224,0.031188167631626
1225,0.001213452778757
1226,-0.035765111446381
1227,-0.014590348117054
1228,0.063134357333183
1229,-4.38E-04
1230,-0.045991182327271
1231,0.009725206531584
1232,0.035293277353048
1233,-0.02471799403429
1234,-0.022484518587589
1235,0.026498518884182
1236,0.033554412424564
1237,-0.048440985381603
1238,0.001775450073183
1239,0.023293644189835
1240,-0.005490632727742
1241,-0.026033531874418
1242,0.003169469535351
1243,0.031745329499245
1244,-0.013812378980219
1245,-0.01942740008235
1246,0.0102315004915
1247,0.026226488873363
1248,-0.033420346677303
1249,0.004998263902962
1250,0.018260445445776
1251,0.012162615545094
1252,-0.027626529335976
1253,-6.23E-04
1254,0.009560690261424
1255,-1.72E-04
1256,-0.023361269384623
1257,0.017309110611677
1258,0.006571787409484
1259,-0.006745154969394
1260,0.019902892410755
1261,-0.013781104236841
1262,-0.004879893735051
1263,-0.019705450162292
1264,0.008255892433226
1265,0.022972518578172
1266,-0.008146255277097
1267,-5.85E-04
1268,0.011638855561614
1269,-0.001784538850188
1270,-0.007729655131698
1271,-0.010138032026589
1272,0.014199710451067
1273,-0.00746706686914
1274,-0.01210230961442
1275,0.016693413257599
1276,-0.010867496021092
1277,-0.006901764310896
1278,0.002401177771389
1279,0.030330654233694
1280,-0.002001689746976
1281,-0.027565039694309
1282,0.007268561050296
1283,0.008729967288673
1284,-0.002587645314634
1285,-0.014728074893355
1286,0.006796609610319
1287,0.021771810948849
1288,-0.016468711197376
1289,-0.009173358790576
1290,0.019886251538992
1291,-0.00593248847872
1292,-0.019846834242344
1293,0.003162859939039
1294,0.012249712832272
1295,0.022025667130947
1296,-0.034139662981033
1297,0.013682559132576
1298,0.006057940423489
1299,-0.020522363483906
1300,-0.01488196849823
1301,0.032171487808228
1302,0.025596749037504
1303,-0.021653087809682
1304,-0.041276514530182
1305,0.043287761509419
1306,0.003951333463192
1307,-0.027942106127739
1308,-0.006162622012198
1309,0.021549113094807
1310,0.010275756940246
1311,-0.034646071493626
1312,0.023457333445549
1313,0.035499453544617
1314,-0.031740605831146
1315,-0.025749463587999
1316,0.01502878125757
1317,0.011710610240698
1318,-0.012963717803359
1319,-0.019633930176497
1320,0.047598458826542
1321,0.016062611714006
1322,-0.072708390653133
1323,0.023527670651674
1324,0.026768423616886
1325,-0.002295080572367
1326,-0.032203707844019
1327,0.016013871878386
1328,0.033773452043533
1329,-0.025712169706822
1330,-0.039318844676018
1331,0.039214044809342
1332,0.020609460771084
1333,-0.031422786414623
1334,-0.022326964884997
1335,0.034455239772797
1336,0.029459806159139
1337,-0.052749909460545
1338,-0.008955381810665
1339,0.051941964775324
1340,-0.015953211113811
1341,-0.013528665527701
1342,-0.007920960895717
1343,0.029217399656773
1344,-0.015393455512822
1345,-0.043176710605621
1346,0.042986109852791
1347,0.035261530429125
1348,-0.031913973391056
1349,-0.040533006191254
1350,0.032391473650932
1351,0.046972379088402
1352,-0.067943677306175
1353,-0.011614899151027
1354,0.06354895234108
1355,-0.015684958547354
1356,-0.012689327821136
1357,-0.02061477303505
1358,0.05453610047698
1359,-0.023630583658815
1360,-0.054158680140972
1361,0.03549674153328
1362,0.02054431475699
1363,-0.011499006301165
1364,-0.016166940331459
1365,0.014077444560826
1366,0.042047757655382
1367,-0.056400772184134
1368,-0.008967537432909
1369,0.03464725241065
1370,0.012494126334787
1371,-0.043202910572291
1372,0.001032295636833
1373,0.043008651584387
1374,-0.007657192647457
1375,-0.025019882246852
1376,0.00439637620002
1377,0.013322843238711
1378,-0.008667891845107
1379,-0.023909695446491
1380,0.039094612002373
1381,-0.005757233127952
1382,-0.028180737048388
1383,0.004573755897582
1384,0.02487519197166
1385,0.015453761443496
1386,-0.022316817194223
1387,-0.015375988557935
1388,0.025079242885113
1389,-0.018183145672083
1390,-0.001688118092716
1391,0.003341302275658
1392,0.020024921745062
1393,-0.018947307020426
1394,-0.008660456165671
1395,0.00781521666795
1396,0.007870802655816
1397,-0.012776778079569
1398,0.012109861709178
1399,0.019874213263393
1400,-0.017437985166907
1401,-0.020688533782959
1402,0.002013490535319
1403,0.029606265947223
1404,-0.013063206337392
1405,-0.016104744747281
1406,0.017064932733774
1407,-1.81E-04
1408,-0.022588845342398
1409,0.015180079266429
1410,0.022820748388767
1411,-0.020888216793537
1412,-0.009358174167573
1413,0.007774500176311
1414,0.01761937700212
1415,-0.033605750650168
1416,0.010211201384664
1417,0.011063167825341
1418,0.003022420220077
1419,-0.009623712860048
1420,0.008913484402001
1421,0.014196641743183
1422,-0.028125505894423
1423,0.00184803083539
1424,-0.001260070130229
1425,0.015109387226403
1426,-0.011154159903526
1427,0.006704202853143
1428,0.004482174292207
1429,-0.005589412525296
1430,-0.013830435462296
1431,-0.007662738673389
1432,0.023452259600163
1433,-9.51E-05
1434,-0.006759553216398
1435,0.011835236102343
1436,0.005947830155492
1437,-0.014864738099277
1438,-0.007716790772975
1439,0.012688145972788
1440,-0.001326396130025
1441,-0.010786063969135
1442,0.007227608934045
1443,-0.002902515232563
1444,-0.003515024669468
1445,0.00137619767338
1446,0.009333625435829
1447,0.009793420322239
1448,-0.013048335909844
1449,5.54E-04
1450,-0.009008725173771
1451,0.016153957694769
1452,-0.02427826076746
1453,-5.55E-04
1454,0.027619091793895
1455,-0.015085194259882
1456,0.008289054967463
1457,-0.008598733693361
1458,0.015535665675998
1459,0.006475249305367
1460,-0.042997796088457
1461,0.030535534024239
1462,-6.33E-04
1463,-0.024529403075576
1464,0.009411516599357
1465,0.02181158401072
1466,0.003291026689112
1467,-0.029207250103355
1468,-0.011884331703186
1469,0.042118802666664
1470,0.002786739729345
1471,-0.037090916186571
1472,0.009143145754933
1473,0.024801785126329
1474,-0.005772103555501
1475,-0.024270236492157
1476,0.014758286066353
1477,0.013308208435774
1478,-0.028142854571343
1479,-0.006263527087867
1480,0.026815984398127
1481,0.011205731891096
1482,-0.023188136518002
1483,-0.010178629308939
1484,0.034390330314636
1485,-0.004454323090613
1486,-0.037948194891214
1487,0.009223397821188
1488,0.029927745461464
1489,0.007905853912234
1490,-0.041849371045828
1491,0.005714981816709
1492,0.045940790325403
1493,-0.041044492274523
1494,-0.014433031901717
1495,0.030416216701269
1496,8.57E-04
1497,-0.008376625366509
1498,-0.019961666315794
1499,0.031640529632568
1500,0.010218990966678
1501,-0.051716316491366
1502,0.029406227171421
1503,0.004219350405037
1504,0.01963853277266
1505,-0.030495762825012
1506,-0.004479579627514
1507,0.031084313988686
1508,-0.028867950662971
1509,-0.010282366536558
1510,0.019605606794357
1511,0.006301763467491
1512,-0.003909319639206
1513,-0.020892938598991
1514,0.032984390854836
1515,0.001582373864949
1516,-0.02733632363379
1517,0.014479411765933
1518,-2.96E-04
1519,0.007846608757973
1520,-0.036609053611755
1521,0.016206238418818
1522,0.022267602384091
1523,-0.020162411034107
1524,0.002310422249138
1525,0.014409663155675
1526,0.00128260999918
1527,-0.001500471495092
1528,-0.026294350624085
1529,0.030363816767931
1530,-0.007021197117865
1531,-0.022564416751266
1532,0.010603254660964
1533,0.007001251913607
1534,-0.003462743014097
1535,-0.01712972484529
1536,0.019229721277952
1537,0.020201357081533
1538,-0.021772520616651
1539,0.003511010669172
1540,0.001986936666071
1541,0.016670636832714
1542,-0.02173912152648
1543,-0.006992401555181
1544,0.005695391446352
1545,6.65E-04
1546,-0.009160613641143
1547,-0.011460532434285
1548,0.02857455983758
1549,-0.008873477578163
1550,0.003274386748672
1551,0.015791527926922
1552,-0.00395935960114
1553,-0.001241304911673
1554,-0.015215485356748
1555,0.003475723788142
1556,0.006042243912816
1557,-0.018743373453617
1558,0.002712742425501
1559,0.009953806176782
1560,0.006024305708706
1561,-0.003627141006291
1562,-0.012359705753625
1563,0.017583617940545
1564,-0.005326588638127
1565,0.002572184428573
1566,-0.016830079257488
1567,0.012241215445101
1568,0.008977921679616
1569,-0.005780364386737
1570,0.011980279348791
1571,-0.014784486964345
1572,-0.002639100886881
1573,-0.003708926960826
1574,-0.005585990846157
1575,0.01830517500639
1576,-0.007618010044098
1577,0.005944998003542
1578,-0.005396454595029
1579,0.00911458581686
1580,-0.011828391812742
1581,-0.00144500285387
1582,-0.003174426965415
1583,0.016312453895807
1584,-0.005233473144472
1585,-5.64E-04
1586,-0.012167809531093
1587,0.018640343099833
1588,-0.010969816707075
1589,2.80E-04
1590,0.002137763425708
1591,0.005587877705693
1592,-0.010650225915015
1593,0.002485205419362
1594,0.00755357183516
1595,0.002615260891616
1596,-0.005843032151461
1597,0.001800233498216
1598,-0.010822059586644
1599,0.008433980867267
1600,0.005947948433459
1601,-0.024414453655481
1602,0.006379655562341
1603,0.009062422439456
1604,0.010230556130409
1605,-0.013335353694856
1606,0.003688863478601
1607,0.027031248435378
1608,-0.033827506005764
1609,0.003695590421557
1610,0.012372096069157
1611,-0.010248496197164
1612,0.011575126089156
1613,-0.030825974419713
1614,0.021735697984696
1615,0.003340122289956
1616,-0.009204279631376
1617,0.006965138018131
1618,0.022725626826286
1619,-0.022237863391638
1620,-0.028616338968277
1621,0.008279968053103
1622,0.019474372267723
1623,0.007491731084883
1624,-0.018616624176502
1625,0.033565387129784
1626,-0.009719897061586
1627,-0.026766890659928
1628,-0.001789377070963
1629,0.016262887045741
1630,0.016594987362623
1631,-0.019316464662552
1632,-0.020794512704015
1633,0.02749989554286
1634,-0.017558244988322
1635,0.004114551469684
1636,0.010405811481178
1637,0.019633812829852
1638,-0.011741531081498
1639,-0.027808275073767
1640,0.016697309911251
1641,0.004180522635579
1642,-0.006577924825251
1643,-0.004823952913284
1644,0.019773190841079
1645,0.006255147047341
1646,-0.026499109342694
1647,0.007388112135232
1648,0.002012664452195
1649,-0.01283189188689
1650,-0.0078742261976
1651,0.010732010938227
1652,0.023834399878979
1653,-0.00610585603863
1654,-0.006436185911298
1655,-0.001003618352115
1656,0.013382913544774
1657,-0.023466423153877
1658,0.007729417644441
1659,-8.56E-04
1660,0.014651952311397
1661,-0.025013273581863
1662,-0.003049918450415
1663,0.026266023516655
1664,-0.009172532707453
1665,-0.013729531317949
1666,0.018758596852422
1667,0.015276027843356
1668,-0.015824100002647
1669,-0.022943133488298
1670,0.012647902593017
1671,0.002232766710222
1672,-0.004416793584824
1673,-0.004222892224789
1674,0.010916944593191
1675,0.020049706101418
1676,-0.023881252855063
1677,-0.006124384701252
1678,0.018347779288888
1679,0.004765533842146
1680,-0.013425637036562
1681,-0.002636976540089
1682,0.001081037335098
1683,0.004649405367672
1684,-0.018465088680387
1685,0.009719187393785
1686,0.007272927090526
1687,-0.006331033073366
1688,0.008722060360014
1689,-0.001428716816008
1690,0.013902189210057
1691,-0.023158278316259
1692,0.008357623592019
1693,-0.015064069069922
1694,0.01490462757647
1695,0.006005186587572
1696,-0.006555501371622
1697,0.009497315622866
1698,-0.015754707157612
1699,0.011220012791455
1700,-0.011999516747892
1701,0.005005344748497
1702,-0.006399482488632
1703,0.00328229367733
1704,0.00923496298492
1705,-0.008597789332271
1706,0.006306366063654
1707,-0.005060931667686
1708,0.004690002650023
1709,0.01350848376751
1710,-0.02018790319562
1711,0.006393345072865
1712,-0.003633041866124
1713,-0.012501798570156
1714,0.018229644745588
1715,-0.012907659634948
1716,0.021341640502215
1717,-0.013572568073869
1718,-0.007806720212102
1719,0.012767807580531
1720,0.01758031360805
1721,-0.014493692666292
1722,-0.023679915815592
1723,0.03189591690898
1724,-0.032736908644438
1725,-0.005745195783675
1726,0.029755203053355
1727,-0.003078361041844
1728,-3.09E-04
1729,0.00296116899699
1730,-2.47E-04
1731,-0.005159830674529
1732,-0.00469708442688
1733,-5.79E-04
1734,0.013774494640529
1735,-0.009060652926564
1736,5.95E-04
1737,0.008591061457992
1738,-0.004787958227098
1739,-0.019603483378887
1740,0.010552389547229
1741,0.001385167241097
1742,-0.002806095406413
1743,3.78E-04
1744,0.009200502187014
1745,0.011252938769758
1746,-0.011556362733245
1747,-0.010463405400515
1748,0.012859507463873
1749,-0.00429027993232
1750,0.009043538942933
1751,-0.013249791227281
1752,-0.004352592863142
1753,0.006183982826769
1754,-0.016891093924642
1755,0.009713523089886
1756,0.008275719359517
1757,-0.001704051159322
1758,0.02203912101686
1759,-0.003834497183561
1760,-0.005925998091698
1761,-0.020260838791728
1762,-0.010765647515655
1763,0.030238011851907
1764,-0.008712619543076
1765,-0.003285598941147
1766,0.007534570991993
1767,-0.01289751008153
1768,8.96E-04
1769,4.58E-04
1770,-7.93E-04
1771,0.023658553138375
1772,-0.025260638445616
1773,0.004469783045352
1774,0.013422095216811
1775,0.002380760386586
1776,-0.023490380495787
1777,0.003144686110318
1778,0.023112133145332
1779,-0.009413406252861
1780,-0.003747754730284
1781,-0.014218121767044
1782,0.008975325152278
1783,0.008513287641108
1784,-0.015527404844761
1785,0.010188542306423
1786,0.020137038081884
1787,-0.030435219407082
1788,0.0034647481516
1789,0.011824260465801
1790,-0.006975760683417
1791,-0.001308693550527
1792,-0.003963254392147
1793,0.020630702376366
1794,-0.001699565909803
1795,-0.016205415129662
1796,0.004755502566695
1797,-4.48E-04
1798,0.002657510340214
1799,-0.010286496952176
1800,-0.001848976127803
1801,0.01888133585453
1802,-0.015686728060246
1803,0.007240472361445
1804,0.014792746864259
1805,-0.006287130527198
1806,-0.013708878308535
1807,-0.009359590709209
1808,0.008188740350306
1809,0.01854569464922
1810,-0.011863796971738
1811,0.010792554356158
1812,-0.004469430074096
1813,-0.020440932363272
1814,-0.0021459069103
1815,0.005423125810921
1816,0.031545050442219
1817,-0.011279848404229
1818,-0.00724389590323
1819,0.002531940117478
1820,-0.015599159523845
1821,0.003844999708235
1822,-3.48E-04
1823,0.022905368357897
1824,-0.013860293664038
1825,-0.014460765756667
1826,0.013030395843089
1827,0.01464971061796
1828,-0.007888860069215
1829,-0.019731413573027
1830,0.009474892169237
1831,0.005521788261831
1832,0.009817142039537
1833,-0.01980010047555
1834,0.003555503673851
1835,0.011119579896331
1836,-0.012469815090299
1837,-0.004322970286012
1838,0.016032870858908
1839,-0.003640713170171
1840,2.29E-04
1841,-0.002751335501671
1842,7.44E-04
1843,0.007458214648068
1844,-0.016635585576296
1845,-0.006298460066319
1846,0.017942152917385
1847,-0.003856684081256
1848,0.009746213443577
1849,-0.00912662409246
1850,0.009718715213239
1851,-0.021030900999904
1852,0.011207030154765
1853,0.004643858410418
1854,-0.003111523576081
1855,-0.011070840060711
1856,0.003920176997781
1857,0.003987210802734
1858,0.001827142201364
1859,0.004265259020031
1860,0.015819260850549
1861,-0.021388964727521
1862,-0.004620491527021
1863,-0.003955936990678
1864,0.022306546568871
1865,-0.00319732259959
1866,-0.013405691832304
1867,-0.008398576639593
1868,0.003175606019795
1869,0.010013758204877
1870,-0.007145351730287
1871,0.010284017771483
1872,0.008482013829052
1873,-0.007276468910277
1874,-0.008846333250403
1875,0.010744049213827
1876,0.004005856812
1877,-0.011448612436652
1878,-0.010065451264381
1879,0.002108140848577
1880,0.004007981158793
1881,0.002527691423893
1882,3.92E-05
1883,0.009255615994334
1884,3.06E-04
1885,-0.011888580396772
1886,0.0088010141626
1887,-0.004752316512167
1888,0.006484572775662
1889,0.007625563070178
1890,-0.024938687682152
1891,0.005306996405125
1892,2.82E-04
1893,-0.012318871915341
1894,0.01744718849659
1895,0.008695860393345
1896,0.003750467672944
1897,-0.010110179893673
1898,0.001567504368722
1899,-0.01403425168246
1900,0.01414164621383
1901,5.26E-04
1902,-0.003469234332442
1903,-0.002189809456468
1904,0.00535196159035
1905,-0.002882806584239
1906,-0.004898894578218
1907,-0.009359354153275
1908,0.016800574958325
1909,-1.05E-04
1910,-0.004843898117542
1911,-0.002863687463105
1912,0.00815711170435
1913,-0.006372574716806
1914,0.002104127779603
1915,-0.002293782308698
1916,2.93E-05
1917,0.020448721945286
1918,-0.020955961197615
1919,-0.002885520458221
1920,0.008123476989567
1921,-2.57E-04
1922,0.004492206498981
1923,-0.012278509326279
1924,0.007100386545062
1925,-0.006709514185786
1926,-0.00570566020906
1927,0.015582517720759
1928,0.012996761128306
1929,-0.009182210080326
1930,-0.011261083185673
1931,-7.57E-04
1932,0.006056051701307
1933,-0.009924538433552
1934,-0.005408374592662
1935,0.014582676813006
1936,-3.74E-04
1937,-0.018421895802021
1938,0.031851895153523
1939,5.49E-04
1940,-0.001876591704786
1941,-0.012828351929784
1942,-4.36E-04
1943,-9.56E-06
1944,-0.001483594998717
1945,-0.008082762360573
1946,0.013123040087521
1947,-0.006633747369051
1948,0.005454636178911
1949,2.43E-04
1950,0.001272343099117
1951,-0.002049959264696
1952,-0.014778586104512
1953,0.007936419919133
1954,0.01528063043952
1955,-0.005952670238912
1956,-0.012561750598252
1957,0.008671430870891
1958,0.004750546067953
1959,0.005087248980999
1960,-0.010915528982878
1961,0.007467301562428
1962,-0.007839647121727
1963,-0.003768526017666
1964,-2.80E-04
1965,0.009316159412265
1966,-0.007632880471647
1967,-0.004476983100176
1968,0.008537363260984
1969,0.005805383436382
1970,-0.00749633461237
1971,0.004721631295979
1972,0.011813049204648
1973,-0.00348374992609
1974,-0.015348845161498
1975,0.006516555324197
1976,-0.00123387016356
1977,-0.012948256917298
1978,-1.52E-04
1979,0.012611789628863
1980,-5.96E-05
1981,0.00141089502722
1982,-0.012895031832159
1983,0.011999634094536
1984,0.015962414443493
1985,-0.012952977791429
1986,-0.009587599895895
1987,0.012707972899079
1988,-0.011114152148366
1989,0.011660688556731
1990,0.001809439621866
1991,-0.001197048462927
1992,-0.013765526004136
1993,-0.002265930175781
1994,-0.012034686282277
1995,0.014030828140676
1996,0.006558096967638
1997,0.006389922462404
1998,0.004799994640052
1999,0.006241102702916
2000,-0.018751751631498
2001,-0.00825235247612
2002,-0.010255930945277
2003,0.024654500186443
2004,0.008912658318877
2005,-0.011083939112723
2006,-9.43E-04
2007,-0.003571318462491
2008,-0.009894561953843
2009,0.012739601545036
2010,-0.007860063575208
2011,0.011164071969688
2012,0.009355812333524
2013,-0.010867614299059
2014,-0.00670809764415
2015,-0.009872021153569
2016,0.004789845086634
2017,0.00560971070081
2018,-2.28E-05
2019,0.005995863117278
2020,0.009890312328935
2021,2.55E-04
2022,-1.30E-04
2023,-0.022126100957394
2024,0.013291450217366
2025,-0.006357586942613
2026,-0.010362736880779
2027,-0.001310463063419
2028,0.003718957304955
2029,0.008995033800602
2030,0.006318639963865
2031,-8.73E-04
2032,0.019393883645535
2033,-0.00741726346314
2034,-0.002444726414979
2035,-0.028455244377256
2036,-0.006672456860542
2037,0.00337812397629
2038,0.008093618787825
2039,0.014436689205468
2040,0.013354235328734
2041,-8.05E-04
2042,-0.019924726337195
2043,-0.008937914855778
2044,0.015040229074657
2045,0.001605859957635
2046,0.004465769976377
2047,-0.00903551466763
